val_loss,train_loss,created_at
0.19472691416740415,0.19523654878139496,2020-05-05 21:31:35.252152
